UserLocation	UserDescription	AccountLanguage	TweetLanguage	TweetText	TweetClient	isVerified
3rd rock, NA, USA, NC	"â„ï¸2ğŸŒŠ4âš–ï¸ 26yr #USAFvet, Wx Forecaster, 40yr #pilot, business owner into #CivilDiscourse #science #LifelongLearning #ğŸ¤”~tl
Searching 4 #truth, âš–ï¸ & ğŸ‡ºğŸ‡¸way #FBR"	en	en	RT @EdKrassen: If you believe that God created Earth, and you still don't think we need to protect it, you obviously don't care much for Goâ€¦	Twitter for Android	False
3rd rock, NA, USA, NC	"â„ï¸2ğŸŒŠ4âš–ï¸ 26yr #USAFvet, Wx Forecaster, 40yr #pilot, business owner into #CivilDiscourse #science #LifelongLearning #ğŸ¤”~tl
Searching 4 #truth, âš–ï¸ & ğŸ‡ºğŸ‡¸way #FBR"	en	und	RT @JohnAng35537560: #ImpeachDonaldTrump #ImpeachmentHearingsNow https://t.co/zoSXmJuoVy	Twitter for Android	False
3rd rock, NA, USA, NC	"â„ï¸2ğŸŒŠ4âš–ï¸ 26yr #USAFvet, Wx Forecaster, 40yr #pilot, business owner into #CivilDiscourse #science #LifelongLearning #ğŸ¤”~tl
Searching 4 #truth, âš–ï¸ & ğŸ‡ºğŸ‡¸way #FBR"	en	und	RT @burnsinandout3: @TLangley99 @senatemajldr @realDonaldTrump @LindseyGrahamSC @DonaldJTrumpJr @HouseGOP @SenateGOP @RepMattGaetz @RandPauâ€¦	Twitter for Android	False
3rd rock, NA, USA, NC	"â„ï¸2ğŸŒŠ4âš–ï¸ 26yr #USAFvet, Wx Forecaster, 40yr #pilot, business owner into #CivilDiscourse #science #LifelongLearning #ğŸ¤”~tl
Searching 4 #truth, âš–ï¸ & ğŸ‡ºğŸ‡¸way #FBR"	en	en	"RT @TLangley99: Quick!  time is short!ğŸ”¥
   There is a virtual dumpster ğŸ”¥fire in the White House, so let's test tRump's water bomber theory.â€¦"	Twitter for Android	False
3rd rock, NA, USA, NC	"â„ï¸2ğŸŒŠ4âš–ï¸ 26yr #USAFvet, Wx Forecaster, 40yr #pilot, business owner into #CivilDiscourse #science #LifelongLearning #ğŸ¤”~tl
Searching 4 #truth, âš–ï¸ & ğŸ‡ºğŸ‡¸way #FBR"	en	en	"Individual #1 is a ğŸ‡·ğŸ‡ºğŸ‡¨ğŸ‡³ğŸ‡¸ğŸ‡¦ğŸ‡°ğŸ‡µ compromised usefull idiot Security Risk.
  An amoral, explotable, not so bright, narcist in a position of power/influence gained by inheritance, family or crime connections.
 ğŸ‡ºğŸ‡²Examples: The ğŸŠğŸ¤¡, his family, &amp; the ""be best"" people they hire.
WakeUpğŸ‡ºğŸ‡¸ https://t.co/ZMPQLxemrB"	Twitter for Android	False
3rd rock, NA, USA, NC	"â„ï¸2ğŸŒŠ4âš–ï¸ 26yr #USAFvet, Wx Forecaster, 40yr #pilot, business owner into #CivilDiscourse #science #LifelongLearning #ğŸ¤”~tl
Searching 4 #truth, âš–ï¸ & ğŸ‡ºğŸ‡¸way #FBR"	en	en	"RT @TLangley99: To: NC @PatrickMcHenry &amp;
@SenatorBurr , @SenThomTillis  ğŸ¤”
Cohen: ""...I did the same thing that you're doing now . . ."" ""I pâ€¦"	Twitter for Android	False
3rd rock, NA, USA, NC	"â„ï¸2ğŸŒŠ4âš–ï¸ 26yr #USAFvet, Wx Forecaster, 40yr #pilot, business owner into #CivilDiscourse #science #LifelongLearning #ğŸ¤”~tl
Searching 4 #truth, âš–ï¸ & ğŸ‡ºğŸ‡¸way #FBR"	en	en	"RT @TLangley99: Just to be clear!
#TransparencyNow
#ReleaseTheEntireReport #ReleaseTheFullReport
#RuleOfLaw
#ForThePeople
For Truth âš–ï¸,ğŸ—½&amp; tâ€¦"	Twitter for Android	False
3rd rock, NA, USA, NC	"â„ï¸2ğŸŒŠ4âš–ï¸ 26yr #USAFvet, Wx Forecaster, 40yr #pilot, business owner into #CivilDiscourse #science #LifelongLearning #ğŸ¤”~tl
Searching 4 #truth, âš–ï¸ & ğŸ‡ºğŸ‡¸way #FBR"	en	en	"RT @TLangley99: Nominations for the
""GOP Cone of shame""

Here is my short list:
(Who would you add?) @senatemajldr @realDonaldTrump @Lindseâ€¦"	Twitter for Android	False
3rd rock, NA, USA, NC	"â„ï¸2ğŸŒŠ4âš–ï¸ 26yr #USAFvet, Wx Forecaster, 40yr #pilot, business owner into #CivilDiscourse #science #LifelongLearning #ğŸ¤”~tl
Searching 4 #truth, âš–ï¸ & ğŸ‡ºğŸ‡¸way #FBR"	en	en	RT @TLangley99: No American citizen can accept this from the POTUS and legitimately claim to believe in the founding principals of this natâ€¦	Twitter for Android	False
3rd rock, NA, USA, NC	"â„ï¸2ğŸŒŠ4âš–ï¸ 26yr #USAFvet, Wx Forecaster, 40yr #pilot, business owner into #CivilDiscourse #science #LifelongLearning #ğŸ¤”~tl
Searching 4 #truth, âš–ï¸ & ğŸ‡ºğŸ‡¸way #FBR"	en	en	"RT @TLangley99: A president who believes the truth is whatever he says it is &amp; ""his"" Attorney General that thinks a president can't obstrucâ€¦"	Twitter for Android	False
3rd rock, NA, USA, NC	"â„ï¸2ğŸŒŠ4âš–ï¸ 26yr #USAFvet, Wx Forecaster, 40yr #pilot, business owner into #CivilDiscourse #science #LifelongLearning #ğŸ¤”~tl
Searching 4 #truth, âš–ï¸ & ğŸ‡ºğŸ‡¸way #FBR"	en	en	"RT @TLangley99: The Constitution gives Congress the responsibility &amp; powers to conduct oversight of the Executive branch.
 They must turn uâ€¦"	Twitter for Android	False
3rd rock, NA, USA, NC	"â„ï¸2ğŸŒŠ4âš–ï¸ 26yr #USAFvet, Wx Forecaster, 40yr #pilot, business owner into #CivilDiscourse #science #LifelongLearning #ğŸ¤”~tl
Searching 4 #truth, âš–ï¸ & ğŸ‡ºğŸ‡¸way #FBR"	en	en	"RT @SassyKadiK: Trump shared military growth with kids at the Easter Egg hunt then on to The Wall while he colored.
I hope the hell he didnâ€¦"	Twitter for Android	False
3rd rock, NA, USA, NC	"â„ï¸2ğŸŒŠ4âš–ï¸ 26yr #USAFvet, Wx Forecaster, 40yr #pilot, business owner into #CivilDiscourse #science #LifelongLearning #ğŸ¤”~tl
Searching 4 #truth, âš–ï¸ & ğŸ‡ºğŸ‡¸way #FBR"	en	und	RT @sedakennedy: https://t.co/Vahp8Jdo1r	Twitter for Android	False
3rd rock, NA, USA, NC	"â„ï¸2ğŸŒŠ4âš–ï¸ 26yr #USAFvet, Wx Forecaster, 40yr #pilot, business owner into #CivilDiscourse #science #LifelongLearning #ğŸ¤”~tl
Searching 4 #truth, âš–ï¸ & ğŸ‡ºğŸ‡¸way #FBR"	en	en	RT @RBReich: The question on everyoneâ€™s mind is whether Trump will be impeached. In other words, will America fire Trump? Well, I have newsâ€¦	Twitter for Android	False
3rd rock, NA, USA, NC	"â„ï¸2ğŸŒŠ4âš–ï¸ 26yr #USAFvet, Wx Forecaster, 40yr #pilot, business owner into #CivilDiscourse #science #LifelongLearning #ğŸ¤”~tl
Searching 4 #truth, âš–ï¸ & ğŸ‡ºğŸ‡¸way #FBR"	en	en	"The Constitution gives Congress the responsibility &amp; powers to conduct oversight of the Executive branch.
 They must turn up the lights &amp; push for tansparency until the facts are clear &amp; made public.
 If the President abused his office, then impeach him 2 preserve Truth,âš–ï¸&amp;ğŸ‡ºğŸ‡²way https://t.co/WnVv1NsyAL"	Twitter for Android	False
3rd rock, NA, USA, NC	"â„ï¸2ğŸŒŠ4âš–ï¸ 26yr #USAFvet, Wx Forecaster, 40yr #pilot, business owner into #CivilDiscourse #science #LifelongLearning #ğŸ¤”~tl
Searching 4 #truth, âš–ï¸ & ğŸ‡ºğŸ‡¸way #FBR"	en	en	RT @AprilDRyan: Here is the full statement on lack of credibility of @PressSec who admitted under oath that she lied! https://t.co/vi2xUm2Wâ€¦	Twitter for Android	False
3rd rock, NA, USA, NC	"â„ï¸2ğŸŒŠ4âš–ï¸ 26yr #USAFvet, Wx Forecaster, 40yr #pilot, business owner into #CivilDiscourse #science #LifelongLearning #ğŸ¤”~tl
Searching 4 #truth, âš–ï¸ & ğŸ‡ºğŸ‡¸way #FBR"	en	en	RT @DalaiLama: The young people of this 21st century represent our planet now. They have the ability to bring about change. Even as climateâ€¦	Twitter for Android	False
3rd rock, NA, USA, NC	"â„ï¸2ğŸŒŠ4âš–ï¸ 26yr #USAFvet, Wx Forecaster, 40yr #pilot, business owner into #CivilDiscourse #science #LifelongLearning #ğŸ¤”~tl
Searching 4 #truth, âš–ï¸ & ğŸ‡ºğŸ‡¸way #FBR"	en	en	"RT @TLangley99: #Evangelicals Really?
  Devine Providence selected a:
non-repentent
unstable
delusional
arrogant
narcissistic
moronic
ignorâ€¦"	Twitter for Android	False
3rd rock, NA, USA, NC	"â„ï¸2ğŸŒŠ4âš–ï¸ 26yr #USAFvet, Wx Forecaster, 40yr #pilot, business owner into #CivilDiscourse #science #LifelongLearning #ğŸ¤”~tl
Searching 4 #truth, âš–ï¸ & ğŸ‡ºğŸ‡¸way #FBR"	en	en	"RT @TLangley99: What is the difference between 138 &amp; 138 million dead?

A rounding error, close enough, just another, ""slip of the tongue""â€¦"	Twitter for Android	False
3rd rock, NA, USA, NC	"â„ï¸2ğŸŒŠ4âš–ï¸ 26yr #USAFvet, Wx Forecaster, 40yr #pilot, business owner into #CivilDiscourse #science #LifelongLearning #ğŸ¤”~tl
Searching 4 #truth, âš–ï¸ & ğŸ‡ºğŸ‡¸way #FBR"	en	en	RT @SassyKadiK: Trump has never addressed Russia's attacks on our democracy.  He has done nothing to prevent it from happening again. No saâ€¦	Twitter for Android	False
3rd rock, NA, USA, NC	"â„ï¸2ğŸŒŠ4âš–ï¸ 26yr #USAFvet, Wx Forecaster, 40yr #pilot, business owner into #CivilDiscourse #science #LifelongLearning #ğŸ¤”~tl
Searching 4 #truth, âš–ï¸ & ğŸ‡ºğŸ‡¸way #FBR"	en	en	"RT @TLangley99: Make America Whole Again #MAWA
America needs transparency!
#MuellerReport 
#TransparencyNow
#ReleaseTheReport
#RuleOfLaw
#Fâ€¦"	Twitter for Android	False
3rd rock, NA, USA, NC	"â„ï¸2ğŸŒŠ4âš–ï¸ 26yr #USAFvet, Wx Forecaster, 40yr #pilot, business owner into #CivilDiscourse #science #LifelongLearning #ğŸ¤”~tl
Searching 4 #truth, âš–ï¸ & ğŸ‡ºğŸ‡¸way #FBR"	en	en	RT @TLangley99: The 'Flip flopping hypocrite' award winner?ğŸ†ğŸ†ğŸ† @LindseyGrahamSC ğŸ¤¦â€â™‚ï¸ğŸ¤¦ğŸ˜± https://t.co/8417pusxRk	Twitter for Android	False
3rd rock, NA, USA, NC	"â„ï¸2ğŸŒŠ4âš–ï¸ 26yr #USAFvet, Wx Forecaster, 40yr #pilot, business owner into #CivilDiscourse #science #LifelongLearning #ğŸ¤”~tl
Searching 4 #truth, âš–ï¸ & ğŸ‡ºğŸ‡¸way #FBR"	en	en	"RT @AdamSchiff: I went on Fox News Sunday because I want to make sure every American hears the facts:

While Mueller did not charge the preâ€¦"	Twitter for Android	False
3rd rock, NA, USA, NC	"â„ï¸2ğŸŒŠ4âš–ï¸ 26yr #USAFvet, Wx Forecaster, 40yr #pilot, business owner into #CivilDiscourse #science #LifelongLearning #ğŸ¤”~tl
Searching 4 #truth, âš–ï¸ & ğŸ‡ºğŸ‡¸way #FBR"	en	en	"RT @krassenstein: Just Remember:

Benghazi: 950 days, 0 indictments, 0 charges

Mueller: 674 days, 37 indictments, 199 charges With 14 Inveâ€¦"	Twitter for Android	False
3rd rock, NA, USA, NC	"â„ï¸2ğŸŒŠ4âš–ï¸ 26yr #USAFvet, Wx Forecaster, 40yr #pilot, business owner into #CivilDiscourse #science #LifelongLearning #ğŸ¤”~tl
Searching 4 #truth, âš–ï¸ & ğŸ‡ºğŸ‡¸way #FBR"	en	en	"RT @EdKrassen: Trump says that there is ""no rise in white nationalism.""

What the hell do you call an executive order that bans all Muslimsâ€¦"	Twitter for Android	False
3rd rock, NA, USA, NC	"â„ï¸2ğŸŒŠ4âš–ï¸ 26yr #USAFvet, Wx Forecaster, 40yr #pilot, business owner into #CivilDiscourse #science #LifelongLearning #ğŸ¤”~tl
Searching 4 #truth, âš–ï¸ & ğŸ‡ºğŸ‡¸way #FBR"	en	en	RT @tribelaw: Impeachment proceedings arenâ€™t the same thing as votes to impeach. I favor formal proceedings to investigate WHETHER Trump muâ€¦	Twitter for Android	False
3rd rock, NA, USA, NC	"â„ï¸2ğŸŒŠ4âš–ï¸ 26yr #USAFvet, Wx Forecaster, 40yr #pilot, business owner into #CivilDiscourse #science #LifelongLearning #ğŸ¤”~tl
Searching 4 #truth, âš–ï¸ & ğŸ‡ºğŸ‡¸way #FBR"	en	en	RT @DavidMa97314110: @TLangley99 @lazcarr1342 $179,000 a year!!! Almost the amount Pelosi the Speaker of the House earns! What Press Secretâ€¦	Twitter for iPad	False
3rd rock, NA, USA, NC	"â„ï¸2ğŸŒŠ4âš–ï¸ 26yr #USAFvet, Wx Forecaster, 40yr #pilot, business owner into #CivilDiscourse #science #LifelongLearning #ğŸ¤”~tl
Searching 4 #truth, âš–ï¸ & ğŸ‡ºğŸ‡¸way #FBR"	en	en	RT @415holgate: Rex Tillerson says Trump â€˜asked him to do illegal thingsâ€™ as secretary of state https://t.co/HoPth77u1s	Twitter for Android	False
3rd rock, NA, USA, NC	"â„ï¸2ğŸŒŠ4âš–ï¸ 26yr #USAFvet, Wx Forecaster, 40yr #pilot, business owner into #CivilDiscourse #science #LifelongLearning #ğŸ¤”~tl
Searching 4 #truth, âš–ï¸ & ğŸ‡ºğŸ‡¸way #FBR"	en	en	RT @JYSexton: Impeach him. Make Republicans go on the record and say they donâ€™t care if a president coordinates with a foreign adversary orâ€¦	Twitter for Android	False
3rd rock, NA, USA, NC	"â„ï¸2ğŸŒŠ4âš–ï¸ 26yr #USAFvet, Wx Forecaster, 40yr #pilot, business owner into #CivilDiscourse #science #LifelongLearning #ğŸ¤”~tl
Searching 4 #truth, âš–ï¸ & ğŸ‡ºğŸ‡¸way #FBR"	en	en	RT @tribelaw: Good for @RepCummings. Equally relevant: History will condemn all who stand up for their careers or their party but abandon tâ€¦	Twitter for Android	False
3rd rock, NA, USA, NC	"â„ï¸2ğŸŒŠ4âš–ï¸ 26yr #USAFvet, Wx Forecaster, 40yr #pilot, business owner into #CivilDiscourse #science #LifelongLearning #ğŸ¤”~tl
Searching 4 #truth, âš–ï¸ & ğŸ‡ºğŸ‡¸way #FBR"	en	und	RT @kaileelia: #FireSarahSanders https://t.co/PpYI0ARS90	Twitter for iPad	False
3rd rock, NA, USA, NC	"â„ï¸2ğŸŒŠ4âš–ï¸ 26yr #USAFvet, Wx Forecaster, 40yr #pilot, business owner into #CivilDiscourse #science #LifelongLearning #ğŸ¤”~tl
Searching 4 #truth, âš–ï¸ & ğŸ‡ºğŸ‡¸way #FBR"	en	en	"RT @TLangley99: America is made great by our diversity &amp; the balance of socialist &amp; capitalist principals.
- co-equal branches of gov
- theâ€¦"	Twitter for Android	False
3rd rock, NA, USA, NC	"â„ï¸2ğŸŒŠ4âš–ï¸ 26yr #USAFvet, Wx Forecaster, 40yr #pilot, business owner into #CivilDiscourse #science #LifelongLearning #ğŸ¤”~tl
Searching 4 #truth, âš–ï¸ & ğŸ‡ºğŸ‡¸way #FBR"	en	en	"RT @TLangley99: Let's all set a A MAGAt trap...
(A great use for all of those anti-forest fire rakes in the off season.)
â„ï¸2ğŸŒŠ4âš–ï¸,ğŸ—½&amp; preğŸŠğŸ¤¡â€¦"	Twitter for Android	False
3rd rock, NA, USA, NC	"â„ï¸2ğŸŒŠ4âš–ï¸ 26yr #USAFvet, Wx Forecaster, 40yr #pilot, business owner into #CivilDiscourse #science #LifelongLearning #ğŸ¤”~tl
Searching 4 #truth, âš–ï¸ & ğŸ‡ºğŸ‡¸way #FBR"	en	en	"RT @TLangley99: Mr or Mrs?  William Barr placed him/herself in drag to impersonate the singing fat lady in an attempt to cover for theğŸŠğŸ¤¡.
Oâ€¦"	Twitter for Android	False
3rd rock, NA, USA, NC	"â„ï¸2ğŸŒŠ4âš–ï¸ 26yr #USAFvet, Wx Forecaster, 40yr #pilot, business owner into #CivilDiscourse #science #LifelongLearning #ğŸ¤”~tl
Searching 4 #truth, âš–ï¸ & ğŸ‡ºğŸ‡¸way #FBR"	en	en	"RT @TLangley99: WakeUp &amp; ğŸ¤” about it ğŸ‡ºğŸ‡¸ our Democracy is at stake.

  History will reflect that when it comes to impeachable offenses, Clintâ€¦"	Twitter for Android	False
3rd rock, NA, USA, NC	"â„ï¸2ğŸŒŠ4âš–ï¸ 26yr #USAFvet, Wx Forecaster, 40yr #pilot, business owner into #CivilDiscourse #science #LifelongLearning #ğŸ¤”~tl
Searching 4 #truth, âš–ï¸ & ğŸ‡ºğŸ‡¸way #FBR"	en	en	"RT @TLangley99: Quick!  time is short!ğŸ”¥
   There is a dumpster ğŸ”¥fire at a southern man's White House, so let's test tRump's water bomber thâ€¦"	Twitter for Android	False
3rd rock, NA, USA, NC	"â„ï¸2ğŸŒŠ4âš–ï¸ 26yr #USAFvet, Wx Forecaster, 40yr #pilot, business owner into #CivilDiscourse #science #LifelongLearning #ğŸ¤”~tl
Searching 4 #truth, âš–ï¸ & ğŸ‡ºğŸ‡¸way #FBR"	en	en	RT @TLangley99: tRump is an unstable lieing, sociopath/psychopath who has cheated, coveted, &amp; caused pain, ruin &amp; the deaths of Innocents.â€¦	Twitter for Android	False
3rd rock, NA, USA, NC	"â„ï¸2ğŸŒŠ4âš–ï¸ 26yr #USAFvet, Wx Forecaster, 40yr #pilot, business owner into #CivilDiscourse #science #LifelongLearning #ğŸ¤”~tl
Searching 4 #truth, âš–ï¸ & ğŸ‡ºğŸ‡¸way #FBR"	en	en	"RT @TLangley99: FICTION v FACT
  Could this be?
...Roy Cohn's clone?
...Sarah Sanders in drag?
...Roseanne Barr in drag?
...Sarah &amp; Roseannâ€¦"	Twitter for Android	False
3rd rock, NA, USA, NC	"â„ï¸2ğŸŒŠ4âš–ï¸ 26yr #USAFvet, Wx Forecaster, 40yr #pilot, business owner into #CivilDiscourse #science #LifelongLearning #ğŸ¤”~tl
Searching 4 #truth, âš–ï¸ & ğŸ‡ºğŸ‡¸way #FBR"	en	en	"RT @TLangley99: Why are we still paying this person a 6 figure salary to lie to us?ğŸ¤·â€â™‚ï¸ğŸ¤·â€â™€ï¸
Who agrees we should #FireSarahSanders . . . liâ€¦"	Twitter for Android	False
3rd rock, NA, USA, NC	"â„ï¸2ğŸŒŠ4âš–ï¸ 26yr #USAFvet, Wx Forecaster, 40yr #pilot, business owner into #CivilDiscourse #science #LifelongLearning #ğŸ¤”~tl
Searching 4 #truth, âš–ï¸ & ğŸ‡ºğŸ‡¸way #FBR"	en	en	"RT @MatthewWolfff: A reminder this Easter Sunday.

Jesus is the little immigrant taken from their parents and locked in a cage.

Jesus is oâ€¦"	Twitter for Android	False
3rd rock, NA, USA, NC	"â„ï¸2ğŸŒŠ4âš–ï¸ 26yr #USAFvet, Wx Forecaster, 40yr #pilot, business owner into #CivilDiscourse #science #LifelongLearning #ğŸ¤”~tl
Searching 4 #truth, âš–ï¸ & ğŸ‡ºğŸ‡¸way #FBR"	en	en	RT @SEGreenhalgh: But yesterday, in the wake of the Mueller report, there has been a shift. NC's State Board of Election has admitted it diâ€¦	Twitter for Android	False
3rd rock, NA, USA, NC	"â„ï¸2ğŸŒŠ4âš–ï¸ 26yr #USAFvet, Wx Forecaster, 40yr #pilot, business owner into #CivilDiscourse #science #LifelongLearning #ğŸ¤”~tl
Searching 4 #truth, âš–ï¸ & ğŸ‡ºğŸ‡¸way #FBR"	en	en	"RT @TrisResists: Preach @RepCummings! 
Even if the House moves to impeach trump &amp; the Senate votes against it, ""history would smile upon usâ€¦"	Twitter for Android	False
3rd rock, NA, USA, NC	"â„ï¸2ğŸŒŠ4âš–ï¸ 26yr #USAFvet, Wx Forecaster, 40yr #pilot, business owner into #CivilDiscourse #science #LifelongLearning #ğŸ¤”~tl
Searching 4 #truth, âš–ï¸ & ğŸ‡ºğŸ‡¸way #FBR"	en	und	RT @Roadking745: @TLangley99 @PatrickMcHenry @SenatorBurr @SenThomTillis @LindseyGrahamSC @realDonaldTrump https://t.co/7whQaXqdbl	Twitter for Android	False
3rd rock, NA, USA, NC	"â„ï¸2ğŸŒŠ4âš–ï¸ 26yr #USAFvet, Wx Forecaster, 40yr #pilot, business owner into #CivilDiscourse #science #LifelongLearning #ğŸ¤”~tl
Searching 4 #truth, âš–ï¸ & ğŸ‡ºğŸ‡¸way #FBR"	en	en	RT @TLangley99: Donald trrrr....Rump. https://t.co/PgKx50F47w	Twitter for Android	False
3rd rock, NA, USA, NC	"â„ï¸2ğŸŒŠ4âš–ï¸ 26yr #USAFvet, Wx Forecaster, 40yr #pilot, business owner into #CivilDiscourse #science #LifelongLearning #ğŸ¤”~tl
Searching 4 #truth, âš–ï¸ & ğŸ‡ºğŸ‡¸way #FBR"	en	en	"RT @Montejp231: Last 48 hours
@GovMikeHuckabee threatened @AprilDRyan  because his daughter is a pathological liar

@Franklin_Graham callsâ€¦"	Twitter for Android	False
3rd rock, NA, USA, NC	"â„ï¸2ğŸŒŠ4âš–ï¸ 26yr #USAFvet, Wx Forecaster, 40yr #pilot, business owner into #CivilDiscourse #science #LifelongLearning #ğŸ¤”~tl
Searching 4 #truth, âš–ï¸ & ğŸ‡ºğŸ‡¸way #FBR"	en	en	"Quick!  time is short!ğŸ”¥
   There is a dumpster ğŸ”¥fire at a southern man's White House, so let's test tRump's water bomber theory. 
       ğŸ§ ğŸ‘¶ğŸ’¡   ğŸ›©ï¸ğŸ’§ğŸ’§ğŸŒŠ
                   NOW!
This could save the nation! https://t.co/JoJ6JxXZB9"	Twitter for Android	False
3rd rock, NA, USA, NC	"â„ï¸2ğŸŒŠ4âš–ï¸ 26yr #USAFvet, Wx Forecaster, 40yr #pilot, business owner into #CivilDiscourse #science #LifelongLearning #ğŸ¤”~tl
Searching 4 #truth, âš–ï¸ & ğŸ‡ºğŸ‡¸way #FBR"	en	en	"RT @TLangley99: The American people deserve to know the full truth, not the tRump's AG version. #ReleaseTheFullReport 
#ReleaseTheFullReporâ€¦"	Twitter for Android	False
3rd rock, NA, USA, NC	"â„ï¸2ğŸŒŠ4âš–ï¸ 26yr #USAFvet, Wx Forecaster, 40yr #pilot, business owner into #CivilDiscourse #science #LifelongLearning #ğŸ¤”~tl
Searching 4 #truth, âš–ï¸ & ğŸ‡ºğŸ‡¸way #FBR"	en	en	"RT @TLangley99: ...the lies...
...concentration centers...
...deportation force...
...tax scam...
...easy tarff wars...
...obstruction of jâ€¦"	Twitter for Android	False
3rd rock, NA, USA, NC	"â„ï¸2ğŸŒŠ4âš–ï¸ 26yr #USAFvet, Wx Forecaster, 40yr #pilot, business owner into #CivilDiscourse #science #LifelongLearning #ğŸ¤”~tl
Searching 4 #truth, âš–ï¸ & ğŸ‡ºğŸ‡¸way #FBR"	en	en	"RT @BettyBowers: Franklin Graham doesn't get to throw â€œdon't lie with menâ€ in Buttigieg's face until he's thrown these in Trump's face:

Thâ€¦"	Twitter for Android	False
3rd rock, NA, USA, NC	"â„ï¸2ğŸŒŠ4âš–ï¸ 26yr #USAFvet, Wx Forecaster, 40yr #pilot, business owner into #CivilDiscourse #science #LifelongLearning #ğŸ¤”~tl
Searching 4 #truth, âš–ï¸ & ğŸ‡ºğŸ‡¸way #FBR"	en	en	"RT @DrStephensonN: Saturday science-lovers!

As a scientist I HATE this administration's ignorance of science.

To celebrate science, I'm tâ€¦"	Twitter for Android	False
3rd rock, NA, USA, NC	"â„ï¸2ğŸŒŠ4âš–ï¸ 26yr #USAFvet, Wx Forecaster, 40yr #pilot, business owner into #CivilDiscourse #science #LifelongLearning #ğŸ¤”~tl
Searching 4 #truth, âš–ï¸ & ğŸ‡ºğŸ‡¸way #FBR"	en	en	RT @TLangley99: This is the national emergency! https://t.co/uY0zoJ1V50	Twitter for Android	False
3rd rock, NA, USA, NC	"â„ï¸2ğŸŒŠ4âš–ï¸ 26yr #USAFvet, Wx Forecaster, 40yr #pilot, business owner into #CivilDiscourse #science #LifelongLearning #ğŸ¤”~tl
Searching 4 #truth, âš–ï¸ & ğŸ‡ºğŸ‡¸way #FBR"	en	en	"RT @TLangley99: Vigilantes + fear/ignorance = innocent men/women/children seeking asylum &amp; safety are going to die.
  History has proven alâ€¦"	Twitter for Android	False
3rd rock, NA, USA, NC	"â„ï¸2ğŸŒŠ4âš–ï¸ 26yr #USAFvet, Wx Forecaster, 40yr #pilot, business owner into #CivilDiscourse #science #LifelongLearning #ğŸ¤”~tl
Searching 4 #truth, âš–ï¸ & ğŸ‡ºğŸ‡¸way #FBR"	en	en	RT @TLangley99: Mike Huckabee, just another profiting false prophet, anti-christ-ian. ....sad that he claims to represent Christians! httpsâ€¦	Twitter for Android	False
3rd rock, NA, USA, NC	"â„ï¸2ğŸŒŠ4âš–ï¸ 26yr #USAFvet, Wx Forecaster, 40yr #pilot, business owner into #CivilDiscourse #science #LifelongLearning #ğŸ¤”~tl
Searching 4 #truth, âš–ï¸ & ğŸ‡ºğŸ‡¸way #FBR"	en	en	"RT @TLangley99: It is beginning to appear that either the idiots in 45's administration are starting to believe their on BS spin or,
...theâ€¦"	Twitter for Android	False
3rd rock, NA, USA, NC	"â„ï¸2ğŸŒŠ4âš–ï¸ 26yr #USAFvet, Wx Forecaster, 40yr #pilot, business owner into #CivilDiscourse #science #LifelongLearning #ğŸ¤”~tl
Searching 4 #truth, âš–ï¸ & ğŸ‡ºğŸ‡¸way #FBR"	en	en	"RT @TLangley99: In the future -
The year 2021 5th grade history lesson.

45* - the * denotes a president elected with the help of a foreignâ€¦"	Twitter for Android	False
3rd rock, NA, USA, NC	"â„ï¸2ğŸŒŠ4âš–ï¸ 26yr #USAFvet, Wx Forecaster, 40yr #pilot, business owner into #CivilDiscourse #science #LifelongLearning #ğŸ¤”~tl
Searching 4 #truth, âš–ï¸ & ğŸ‡ºğŸ‡¸way #FBR"	en	en	RT @cjrmurphy1: Just as disturbing is his radio silence on the burned black churches in his own country which was also a terrorist attack.â€¦	Twitter for Android	False
3rd rock, NA, USA, NC	"â„ï¸2ğŸŒŠ4âš–ï¸ 26yr #USAFvet, Wx Forecaster, 40yr #pilot, business owner into #CivilDiscourse #science #LifelongLearning #ğŸ¤”~tl
Searching 4 #truth, âš–ï¸ & ğŸ‡ºğŸ‡¸way #FBR"	en	en	RT @sbaker209: @TLangley99 While I agree this is an error I have never witnessed any professional person be so careless with their words tiâ€¦	Twitter for Android	False
3rd rock, NA, USA, NC	"â„ï¸2ğŸŒŠ4âš–ï¸ 26yr #USAFvet, Wx Forecaster, 40yr #pilot, business owner into #CivilDiscourse #science #LifelongLearning #ğŸ¤”~tl
Searching 4 #truth, âš–ï¸ & ğŸ‡ºğŸ‡¸way #FBR"	en	en	"What is the difference between 138 &amp; 138 million dead?

A rounding error, close enough, just another, ""slip of the tongue"" or a ""Truthful Hyperbole"" for this administration.ğŸ˜±ğŸ¤ªğŸ¤¦â€â™‚ï¸ğŸ¤¦ğŸ‡ºğŸ‡¸"	Twitter for Android	False
3rd rock, NA, USA, NC	"â„ï¸2ğŸŒŠ4âš–ï¸ 26yr #USAFvet, Wx Forecaster, 40yr #pilot, business owner into #CivilDiscourse #science #LifelongLearning #ğŸ¤”~tl
Searching 4 #truth, âš–ï¸ & ğŸ‡ºğŸ‡¸way #FBR"	en	en	RT @TomthunkitsMind: â€˜Mitch McConnell is no leader. He is the epitome of unprincipled power.â€™ â€” Robert Reich explains how the Senate majoriâ€¦	Twitter for Android	False
3rd rock, NA, USA, NC	"â„ï¸2ğŸŒŠ4âš–ï¸ 26yr #USAFvet, Wx Forecaster, 40yr #pilot, business owner into #CivilDiscourse #science #LifelongLearning #ğŸ¤”~tl
Searching 4 #truth, âš–ï¸ & ğŸ‡ºğŸ‡¸way #FBR"	en	en	Donald trrrr....Rump. https://t.co/PgKx50F47w	Twitter for Android	False
3rd rock, NA, USA, NC	"â„ï¸2ğŸŒŠ4âš–ï¸ 26yr #USAFvet, Wx Forecaster, 40yr #pilot, business owner into #CivilDiscourse #science #LifelongLearning #ğŸ¤”~tl
Searching 4 #truth, âš–ï¸ & ğŸ‡ºğŸ‡¸way #FBR"	en	en	RT @gtconway3d: The House Judiciary Committee should subpoena everyone and everything relating to this. Any efforts by Trump to retaliate aâ€¦	Twitter for Android	False
3rd rock, NA, USA, NC	"â„ï¸2ğŸŒŠ4âš–ï¸ 26yr #USAFvet, Wx Forecaster, 40yr #pilot, business owner into #CivilDiscourse #science #LifelongLearning #ğŸ¤”~tl
Searching 4 #truth, âš–ï¸ & ğŸ‡ºğŸ‡¸way #FBR"	en	en	RT @TeaPainUSA: Trump consorted with Americaâ€™s enemies to win, then committed 10 distinct acts of obstruction to cover it up.  If this donâ€™â€¦	Twitter for Android	False
3rd rock, NA, USA, NC	"â„ï¸2ğŸŒŠ4âš–ï¸ 26yr #USAFvet, Wx Forecaster, 40yr #pilot, business owner into #CivilDiscourse #science #LifelongLearning #ğŸ¤”~tl
Searching 4 #truth, âš–ï¸ & ğŸ‡ºğŸ‡¸way #FBR"	en	en	"RT @TLangley99: We have:
â‰ï¸a ""president"" who sees an arms race as good 4 business &amp; believes windmills cause cancer.ğŸ¤¦â€â™‚ï¸ğŸ¤¦
â‰ï¸a vice ""presideâ€¦"	Twitter for Android	False
3rd rock, NA, USA, NC	"â„ï¸2ğŸŒŠ4âš–ï¸ 26yr #USAFvet, Wx Forecaster, 40yr #pilot, business owner into #CivilDiscourse #science #LifelongLearning #ğŸ¤”~tl
Searching 4 #truth, âš–ï¸ & ğŸ‡ºğŸ‡¸way #FBR"	en	en	"RT @TLangley99: There are No limits 2 who &amp; what tRump 45* will sacrifice 4 his ego. ğŸ™ğŸ¤”ğŸ‡ºğŸ‡¸

  He does everything possible 2 make bad situatiâ€¦"	Twitter for Android	False
3rd rock, NA, USA, NC	"â„ï¸2ğŸŒŠ4âš–ï¸ 26yr #USAFvet, Wx Forecaster, 40yr #pilot, business owner into #CivilDiscourse #science #LifelongLearning #ğŸ¤”~tl
Searching 4 #truth, âš–ï¸ & ğŸ‡ºğŸ‡¸way #FBR"	en	en	RT @JWVerret: Finished a second read through the Mueller Report.  I donâ€™t say this lightly, as a life long Republican, former R Hill staffeâ€¦	Twitter for Android	False
3rd rock, NA, USA, NC	"â„ï¸2ğŸŒŠ4âš–ï¸ 26yr #USAFvet, Wx Forecaster, 40yr #pilot, business owner into #CivilDiscourse #science #LifelongLearning #ğŸ¤”~tl
Searching 4 #truth, âš–ï¸ & ğŸ‡ºğŸ‡¸way #FBR"	en	en	"RT @Inspired2Share: ""Only two things are infinite, the universe and human stupidity, and I'm not sure about the former"" - Albert Einstein"	Twitter for Android	False
3rd rock, NA, USA, NC	"â„ï¸2ğŸŒŠ4âš–ï¸ 26yr #USAFvet, Wx Forecaster, 40yr #pilot, business owner into #CivilDiscourse #science #LifelongLearning #ğŸ¤”~tl
Searching 4 #truth, âš–ï¸ & ğŸ‡ºğŸ‡¸way #FBR"	en	en	RT @Qwax14: @TLangley99 Yours truly... https://t.co/BjtiyEy3xC	Twitter for Android	False
3rd rock, NA, USA, NC	"â„ï¸2ğŸŒŠ4âš–ï¸ 26yr #USAFvet, Wx Forecaster, 40yr #pilot, business owner into #CivilDiscourse #science #LifelongLearning #ğŸ¤”~tl
Searching 4 #truth, âš–ï¸ & ğŸ‡ºğŸ‡¸way #FBR"	en	en	"RT @TLangley99: An eye for an eye leaves everyone blind.

 Reflecting hate &amp; anger with  hate &amp; anger is only an illusion of justice.

Wishâ€¦"	Twitter for Android	False
3rd rock, NA, USA, NC	"â„ï¸2ğŸŒŠ4âš–ï¸ 26yr #USAFvet, Wx Forecaster, 40yr #pilot, business owner into #CivilDiscourse #science #LifelongLearning #ğŸ¤”~tl
Searching 4 #truth, âš–ï¸ & ğŸ‡ºğŸ‡¸way #FBR"	en	en	"RT @TLangley99: A liar, a moron, a clown, a cheat,  a crook, a coward, a traitor, a conman, a narcissist,  Amoral.

Answer: Who is ________â€¦"	Twitter for Android	False
3rd rock, NA, USA, NC	"â„ï¸2ğŸŒŠ4âš–ï¸ 26yr #USAFvet, Wx Forecaster, 40yr #pilot, business owner into #CivilDiscourse #science #LifelongLearning #ğŸ¤”~tl
Searching 4 #truth, âš–ï¸ & ğŸ‡ºğŸ‡¸way #FBR"	en	en	"RT @TLangley99: Maybe the devil makes him (theğŸŠğŸ¤¡) do it.
  Christian evangelist, Franklin Graham said ""Trump tries to tell the truth."" 
  Iâ€¦"	Twitter for Android	False
3rd rock, NA, USA, NC	"â„ï¸2ğŸŒŠ4âš–ï¸ 26yr #USAFvet, Wx Forecaster, 40yr #pilot, business owner into #CivilDiscourse #science #LifelongLearning #ğŸ¤”~tl
Searching 4 #truth, âš–ï¸ & ğŸ‡ºğŸ‡¸way #FBR"	en	en	"RT @TLangley99: 40,000 gun deaths/yr in US.
   If you are not willing to do everything possible to keep guns out of the hands of irresponsiâ€¦"	Twitter for Android	False
3rd rock, NA, USA, NC	"â„ï¸2ğŸŒŠ4âš–ï¸ 26yr #USAFvet, Wx Forecaster, 40yr #pilot, business owner into #CivilDiscourse #science #LifelongLearning #ğŸ¤”~tl
Searching 4 #truth, âš–ï¸ & ğŸ‡ºğŸ‡¸way #FBR"	en	en	RT @amvetsupport: The Huckabee family is a joke. Not a funny one, just a an example of fake Christians pretending they are in any way repreâ€¦	Twitter for Android	False
3rd rock, NA, USA, NC	"â„ï¸2ğŸŒŠ4âš–ï¸ 26yr #USAFvet, Wx Forecaster, 40yr #pilot, business owner into #CivilDiscourse #science #LifelongLearning #ğŸ¤”~tl
Searching 4 #truth, âš–ï¸ & ğŸ‡ºğŸ‡¸way #FBR"	en	en	@StephDNVaughan Yep, a special designer bred the 'Fern &amp; Flower Dalmatians', now extinct, even more exclusiveğŸ˜‰ only for the 1% via the tRump brand made in China.ğŸ˜±ğŸ¤ª	Twitter for Android	False
3rd rock, NA, USA, NC	"â„ï¸2ğŸŒŠ4âš–ï¸ 26yr #USAFvet, Wx Forecaster, 40yr #pilot, business owner into #CivilDiscourse #science #LifelongLearning #ğŸ¤”~tl
Searching 4 #truth, âš–ï¸ & ğŸ‡ºğŸ‡¸way #FBR"	en	en	"RT @TLangley99: I understand now why there is no WH dog.
Style? She recently wore a coat inspired by '101 Dalmatians', reportable inscribedâ€¦"	Twitter for Android	False
3rd rock, NA, USA, NC	"â„ï¸2ğŸŒŠ4âš–ï¸ 26yr #USAFvet, Wx Forecaster, 40yr #pilot, business owner into #CivilDiscourse #science #LifelongLearning #ğŸ¤”~tl
Searching 4 #truth, âš–ï¸ & ğŸ‡ºğŸ‡¸way #FBR"	en	en	"RT @TLangley99: SEEKING ASYLUM
         IS NOT
        ILLEGAL.
InğŸ‡ºğŸ‡² it is a legal right for anyone to cross the border &amp; request asylum.â€¦"	Twitter for Android	False
3rd rock, NA, USA, NC	"â„ï¸2ğŸŒŠ4âš–ï¸ 26yr #USAFvet, Wx Forecaster, 40yr #pilot, business owner into #CivilDiscourse #science #LifelongLearning #ğŸ¤”~tl
Searching 4 #truth, âš–ï¸ & ğŸ‡ºğŸ‡¸way #FBR"	en	en	RT @TLangley99: We are at a critical point in the con when magats begin to suspect they have been coned.   They may break from reality, &amp; sâ€¦	Twitter for Android	False
3rd rock, NA, USA, NC	"â„ï¸2ğŸŒŠ4âš–ï¸ 26yr #USAFvet, Wx Forecaster, 40yr #pilot, business owner into #CivilDiscourse #science #LifelongLearning #ğŸ¤”~tl
Searching 4 #truth, âš–ï¸ & ğŸ‡ºğŸ‡¸way #FBR"	en	en	"RT @minhtngo: ""You don't even have to be convicted of a crime to lose your job in this constitutional republic if [Congress] determines thaâ€¦"	Twitter for Android	False
3rd rock, NA, USA, NC	"â„ï¸2ğŸŒŠ4âš–ï¸ 26yr #USAFvet, Wx Forecaster, 40yr #pilot, business owner into #CivilDiscourse #science #LifelongLearning #ğŸ¤”~tl
Searching 4 #truth, âš–ï¸ & ğŸ‡ºğŸ‡¸way #FBR"	en	en	We are at a critical point in the con when magats begin to suspect they have been coned.   They may break from reality, &amp; slip into a dangerous psychotic state. The most dangerous are profiting false prophet pundants who pull others down with them.ğŸ˜²ğŸ˜±ğŸ¤ª https://t.co/COdI8Swm2G	Twitter for Android	False
3rd rock, NA, USA, NC	"â„ï¸2ğŸŒŠ4âš–ï¸ 26yr #USAFvet, Wx Forecaster, 40yr #pilot, business owner into #CivilDiscourse #science #LifelongLearning #ğŸ¤”~tl
Searching 4 #truth, âš–ï¸ & ğŸ‡ºğŸ‡¸way #FBR"	en	en	"RT @Stop_Trump20: I hope this video makes your day ğŸ˜Š

Wait for it! It's worth it ğŸ˜‚ğŸ˜‚ğŸ˜‚ğŸ˜‚ğŸ˜‚ https://t.co/Um2v5hJ7mv"	Twitter for Android	False
3rd rock, NA, USA, NC	"â„ï¸2ğŸŒŠ4âš–ï¸ 26yr #USAFvet, Wx Forecaster, 40yr #pilot, business owner into #CivilDiscourse #science #LifelongLearning #ğŸ¤”~tl
Searching 4 #truth, âš–ï¸ & ğŸ‡ºğŸ‡¸way #FBR"	en	en	"RT @RBReich: Trumpâ€™s Cabinet now includes: 
â€”An AG who puts the president above the law.
â€”A Sec. of Treasury who puts Wall St. above Main Sâ€¦"	Twitter for Android	False
3rd rock, NA, USA, NC	"â„ï¸2ğŸŒŠ4âš–ï¸ 26yr #USAFvet, Wx Forecaster, 40yr #pilot, business owner into #CivilDiscourse #science #LifelongLearning #ğŸ¤”~tl
Searching 4 #truth, âš–ï¸ & ğŸ‡ºğŸ‡¸way #FBR"	en	en	"RT @TLangley99: WakeUp evangelicals you are rooting for the other team!
There is nothing in the words &amp; actions of either tRump or pEnce thâ€¦"	Twitter Web Client	False
3rd rock, NA, USA, NC	"â„ï¸2ğŸŒŠ4âš–ï¸ 26yr #USAFvet, Wx Forecaster, 40yr #pilot, business owner into #CivilDiscourse #science #LifelongLearning #ğŸ¤”~tl
Searching 4 #truth, âš–ï¸ & ğŸ‡ºğŸ‡¸way #FBR"	en	en	RT @TLangley99: Words only serve as window dressing for deeds that provide perspective for the truth that exposes the soul 4 judgement. 4 #â€¦	Twitter Web Client	False
3rd rock, NA, USA, NC	"â„ï¸2ğŸŒŠ4âš–ï¸ 26yr #USAFvet, Wx Forecaster, 40yr #pilot, business owner into #CivilDiscourse #science #LifelongLearning #ğŸ¤”~tl
Searching 4 #truth, âš–ï¸ & ğŸ‡ºğŸ‡¸way #FBR"	en	en	"RT @TLangley99: North Carolina we need @PatrickMcHenry (NC 10th),  
@SenatorBurr &amp; @SenThomTillis to start putting country before, party &amp;â€¦"	Twitter Web Client	False
3rd rock, NA, USA, NC	"â„ï¸2ğŸŒŠ4âš–ï¸ 26yr #USAFvet, Wx Forecaster, 40yr #pilot, business owner into #CivilDiscourse #science #LifelongLearning #ğŸ¤”~tl
Searching 4 #truth, âš–ï¸ & ğŸ‡ºğŸ‡¸way #FBR"	en	und	RT @TLangley99: If?ğŸ¦–ğŸ¦•ğŸ¦–ğŸ¦• https://t.co/Ah50qT0USx	Twitter Web Client	False
3rd rock, NA, USA, NC	"â„ï¸2ğŸŒŠ4âš–ï¸ 26yr #USAFvet, Wx Forecaster, 40yr #pilot, business owner into #CivilDiscourse #science #LifelongLearning #ğŸ¤”~tl
Searching 4 #truth, âš–ï¸ & ğŸ‡ºğŸ‡¸way #FBR"	en	en	"RT @TLangley99: Get your marching shoes, signs and voices ready!
  tRump &amp; his GOP enablers need to hear that we will, no longer accept theâ€¦"	Twitter Web Client	False
3rd rock, NA, USA, NC	"â„ï¸2ğŸŒŠ4âš–ï¸ 26yr #USAFvet, Wx Forecaster, 40yr #pilot, business owner into #CivilDiscourse #science #LifelongLearning #ğŸ¤”~tl
Searching 4 #truth, âš–ï¸ & ğŸ‡ºğŸ‡¸way #FBR"	en	en	"RT @TLangley99: This is what the Truth from the Heart sounds like.
(Worthy of your time)
A message from 1940 directly to the World of 2019.â€¦"	Twitter Web Client	False
3rd rock, NA, USA, NC	"â„ï¸2ğŸŒŠ4âš–ï¸ 26yr #USAFvet, Wx Forecaster, 40yr #pilot, business owner into #CivilDiscourse #science #LifelongLearning #ğŸ¤”~tl
Searching 4 #truth, âš–ï¸ & ğŸ‡ºğŸ‡¸way #FBR"	en	en	"RT @TLangley99: tRump is an amoral idiot conman, &amp; we we're an easy mark. Too easy!
 We must at least defend ourselves from future idiots bâ€¦"	Twitter Web Client	False
3rd rock, NA, USA, NC	"â„ï¸2ğŸŒŠ4âš–ï¸ 26yr #USAFvet, Wx Forecaster, 40yr #pilot, business owner into #CivilDiscourse #science #LifelongLearning #ğŸ¤”~tl
Searching 4 #truth, âš–ï¸ & ğŸ‡ºğŸ‡¸way #FBR"	en	en	"RT @TLangley99: A coat straight from '101 Dalmatians', inscribed,
 ""I really don't care, do you?"" Cruella de Vil https://t.co/DDx2tS7ZBa"	Twitter Web Client	False
3rd rock, NA, USA, NC	"â„ï¸2ğŸŒŠ4âš–ï¸ 26yr #USAFvet, Wx Forecaster, 40yr #pilot, business owner into #CivilDiscourse #science #LifelongLearning #ğŸ¤”~tl
Searching 4 #truth, âš–ï¸ & ğŸ‡ºğŸ‡¸way #FBR"	en	en	"RT @TLangley99: To: @senatemajldr @GOP @SenateGOP @HouseGOP
  You are all being setup to go down with a President who is abusing power &amp; obâ€¦"	Twitter Web Client	False
3rd rock, NA, USA, NC	"â„ï¸2ğŸŒŠ4âš–ï¸ 26yr #USAFvet, Wx Forecaster, 40yr #pilot, business owner into #CivilDiscourse #science #LifelongLearning #ğŸ¤”~tl
Searching 4 #truth, âš–ï¸ & ğŸ‡ºğŸ‡¸way #FBR"	en	en	RT @TLangley99: amaWe are at a critical point in the con when the marks begin to suspect they have been coned. They can break from reality,â€¦	Twitter Web Client	False
3rd rock, NA, USA, NC	"â„ï¸2ğŸŒŠ4âš–ï¸ 26yr #USAFvet, Wx Forecaster, 40yr #pilot, business owner into #CivilDiscourse #science #LifelongLearning #ğŸ¤”~tl
Searching 4 #truth, âš–ï¸ & ğŸ‡ºğŸ‡¸way #FBR"	en	en	RT @omz__music: Here's a young @LindseyGrahamSC, telling us all about how we definitely need to remove Donald Trump from office for his nonâ€¦	Twitter Web Client	False
3rd rock, NA, USA, NC	"â„ï¸2ğŸŒŠ4âš–ï¸ 26yr #USAFvet, Wx Forecaster, 40yr #pilot, business owner into #CivilDiscourse #science #LifelongLearning #ğŸ¤”~tl
Searching 4 #truth, âš–ï¸ & ğŸ‡ºğŸ‡¸way #FBR"	en	en	RT @MargieShadow13: @suzannecoeSC @LindseyGrahamSC Same thing w/John McCain. Either he changed or was always a follower. How do you kiss upâ€¦	Twitter Web Client	False
3rd rock, NA, USA, NC	"â„ï¸2ğŸŒŠ4âš–ï¸ 26yr #USAFvet, Wx Forecaster, 40yr #pilot, business owner into #CivilDiscourse #science #LifelongLearning #ğŸ¤”~tl
Searching 4 #truth, âš–ï¸ & ğŸ‡ºğŸ‡¸way #FBR"	en	en	RT @tctess2: @mmpadellan @centsible @realDonaldTrump It should be embarrassing that the ONLY reason heâ€™s still president is that the peopleâ€¦	Twitter Web Client	False
3rd rock, NA, USA, NC	"â„ï¸2ğŸŒŠ4âš–ï¸ 26yr #USAFvet, Wx Forecaster, 40yr #pilot, business owner into #CivilDiscourse #science #LifelongLearning #ğŸ¤”~tl
Searching 4 #truth, âš–ï¸ & ğŸ‡ºğŸ‡¸way #FBR"	en	und	RT @O__Canada: @realDonaldTrump #TrumpColluded #TrumpObstructed #TrumpColluded #TrumpObstructed #TrumpColluded #TrumpObstructed #TrumpColluâ€¦	Twitter Web Client	False
3rd rock, NA, USA, NC	"â„ï¸2ğŸŒŠ4âš–ï¸ 26yr #USAFvet, Wx Forecaster, 40yr #pilot, business owner into #CivilDiscourse #science #LifelongLearning #ğŸ¤”~tl
Searching 4 #truth, âš–ï¸ & ğŸ‡ºğŸ‡¸way #FBR"	en	en	"RT @TLangley99: There is a the malignant tumor in the oval office.
  Man, not God is responsible for it.  Zealots spewing toxic hate, racisâ€¦"	Twitter Web Client	False
3rd rock, NA, USA, NC	"â„ï¸2ğŸŒŠ4âš–ï¸ 26yr #USAFvet, Wx Forecaster, 40yr #pilot, business owner into #CivilDiscourse #science #LifelongLearning #ğŸ¤”~tl
Searching 4 #truth, âš–ï¸ & ğŸ‡ºğŸ‡¸way #FBR"	en	en	RT @TLangley99: Calling what thisğŸŠğŸ¤¡ president says and does bulls**it demeans a substance that actually has a redeeming social value. ğŸ„ğŸ’© 2â€¦	Twitter Web Client	False
3rd rock, NA, USA, NC	"â„ï¸2ğŸŒŠ4âš–ï¸ 26yr #USAFvet, Wx Forecaster, 40yr #pilot, business owner into #CivilDiscourse #science #LifelongLearning #ğŸ¤”~tl
Searching 4 #truth, âš–ï¸ & ğŸ‡ºğŸ‡¸way #FBR"	en	en	RT @TLangley99: Me thinks words do not mean what he thinks they mean! or maybe he just doesn't think?ğŸ¤¦ğŸ¤ªğŸ˜œğŸ¤¦â€â™‚ï¸ğŸ˜± ğŸ’©4ğŸ§ s https://t.co/VrX7BeLK8S	Twitter Web Client	False
3rd rock, NA, USA, NC	"â„ï¸2ğŸŒŠ4âš–ï¸ 26yr #USAFvet, Wx Forecaster, 40yr #pilot, business owner into #CivilDiscourse #science #LifelongLearning #ğŸ¤”~tl
Searching 4 #truth, âš–ï¸ & ğŸ‡ºğŸ‡¸way #FBR"	en	en	RT @TLangley99: Sarah Sanders, the White House Press Secretary, has now been proven to be a less creditable source than attributing to an 'â€¦	Twitter for Android	False
3rd rock, NA, USA, NC	"â„ï¸2ğŸŒŠ4âš–ï¸ 26yr #USAFvet, Wx Forecaster, 40yr #pilot, business owner into #CivilDiscourse #science #LifelongLearning #ğŸ¤”~tl
Searching 4 #truth, âš–ï¸ & ğŸ‡ºğŸ‡¸way #FBR"	en	en	RT @TLangley99: @fras99 It is no contest, 45* makes the other 44 look like angelic stable geniuses and he continues to lower the bar everyâ€¦	Twitter for Android	False
3rd rock, NA, USA, NC	"â„ï¸2ğŸŒŠ4âš–ï¸ 26yr #USAFvet, Wx Forecaster, 40yr #pilot, business owner into #CivilDiscourse #science #LifelongLearning #ğŸ¤”~tl
Searching 4 #truth, âš–ï¸ & ğŸ‡ºğŸ‡¸way #FBR"	en	en	Me thinks words do not mean what he thinks they mean! or maybe he just doesn't think?ğŸ¤¦ğŸ¤ªğŸ˜œğŸ¤¦â€â™‚ï¸ğŸ˜± ğŸ’©4ğŸ§ s https://t.co/VrX7BeLK8S	Twitter for Android	False
3rd rock, NA, USA, NC	"â„ï¸2ğŸŒŠ4âš–ï¸ 26yr #USAFvet, Wx Forecaster, 40yr #pilot, business owner into #CivilDiscourse #science #LifelongLearning #ğŸ¤”~tl
Searching 4 #truth, âš–ï¸ & ğŸ‡ºğŸ‡¸way #FBR"	en	en	RT @JohnFugelsang: It makes me sick that Huckabee's son tortured &amp; murdered a dog and that's still only his second-worst child. https://t.câ€¦	Twitter for Android	False
3rd rock, NA, USA, NC	"â„ï¸2ğŸŒŠ4âš–ï¸ 26yr #USAFvet, Wx Forecaster, 40yr #pilot, business owner into #CivilDiscourse #science #LifelongLearning #ğŸ¤”~tl
Searching 4 #truth, âš–ï¸ & ğŸ‡ºğŸ‡¸way #FBR"	en	en	RT @TheDailyEdge: Sick Mike Huckabee once said April Ryan â€œshould be gutted like a deer.â€œ Is it any wonder @GovMikeHuckabeeâ€™s son turned inâ€¦	Twitter for Android	False
3rd rock, NA, USA, NC	"â„ï¸2ğŸŒŠ4âš–ï¸ 26yr #USAFvet, Wx Forecaster, 40yr #pilot, business owner into #CivilDiscourse #science #LifelongLearning #ğŸ¤”~tl
Searching 4 #truth, âš–ï¸ & ğŸ‡ºğŸ‡¸way #FBR"	en	en	RT @TLangley99: Think about voting like planning a trip using the car pool lane, take at least one other voter but leave the dummies in redâ€¦	Twitter for Android	False
3rd rock, NA, USA, NC	"â„ï¸2ğŸŒŠ4âš–ï¸ 26yr #USAFvet, Wx Forecaster, 40yr #pilot, business owner into #CivilDiscourse #science #LifelongLearning #ğŸ¤”~tl
Searching 4 #truth, âš–ï¸ & ğŸ‡ºğŸ‡¸way #FBR"	en	en	RT @TLangley99: Yes, turn the lights up. The guilt is clear for those that choose to look but in order to heal the country all the boxes muâ€¦	Twitter for Android	False
3rd rock, NA, USA, NC	"â„ï¸2ğŸŒŠ4âš–ï¸ 26yr #USAFvet, Wx Forecaster, 40yr #pilot, business owner into #CivilDiscourse #science #LifelongLearning #ğŸ¤”~tl
Searching 4 #truth, âš–ï¸ & ğŸ‡ºğŸ‡¸way #FBR"	en	en	Mike Huckabee, just another profiting false prophet, anti-christ-ian. ....sad that he claims to represent Christians! https://t.co/0QdoQ2tdp3	Twitter for Android	False
3rd rock, NA, USA, NC	"â„ï¸2ğŸŒŠ4âš–ï¸ 26yr #USAFvet, Wx Forecaster, 40yr #pilot, business owner into #CivilDiscourse #science #LifelongLearning #ğŸ¤”~tl
Searching 4 #truth, âš–ï¸ & ğŸ‡ºğŸ‡¸way #FBR"	en	en	RT @robreiner: If Democracy is to survive, Donald Trump must be held accountable for his crimes. Impeachment proceedings must begin. And ifâ€¦	Twitter for Android	False
3rd rock, NA, USA, NC	"â„ï¸2ğŸŒŠ4âš–ï¸ 26yr #USAFvet, Wx Forecaster, 40yr #pilot, business owner into #CivilDiscourse #science #LifelongLearning #ğŸ¤”~tl
Searching 4 #truth, âš–ï¸ & ğŸ‡ºğŸ‡¸way #FBR"	en	en	RT @AshaRangappa_: Are you completely confused about the difference between â€œcollusionâ€ and â€œconspiracyâ€? If so, congratulations â€“ youâ€™re aâ€¦	Twitter for Android	False
3rd rock, NA, USA, NC	"â„ï¸2ğŸŒŠ4âš–ï¸ 26yr #USAFvet, Wx Forecaster, 40yr #pilot, business owner into #CivilDiscourse #science #LifelongLearning #ğŸ¤”~tl
Searching 4 #truth, âš–ï¸ & ğŸ‡ºğŸ‡¸way #FBR"	en	en	"RT @HoarseWisperer: The only meeting I ever attended where I was asked to not take notes was with a tobacco company.

Weirded me out. Didnâ€™â€¦"	Twitter for Android	False
3rd rock, NA, USA, NC	"â„ï¸2ğŸŒŠ4âš–ï¸ 26yr #USAFvet, Wx Forecaster, 40yr #pilot, business owner into #CivilDiscourse #science #LifelongLearning #ğŸ¤”~tl
Searching 4 #truth, âš–ï¸ & ğŸ‡ºğŸ‡¸way #FBR"	en	en	"RT @TLangley99: I guess the founders were confused.
  Apparently some believe ""free speech"" applies to lieing under oath to Congress, the Fâ€¦"	Twitter for Android	False
3rd rock, NA, USA, NC	"â„ï¸2ğŸŒŠ4âš–ï¸ 26yr #USAFvet, Wx Forecaster, 40yr #pilot, business owner into #CivilDiscourse #science #LifelongLearning #ğŸ¤”~tl
Searching 4 #truth, âš–ï¸ & ğŸ‡ºğŸ‡¸way #FBR"	en	en	"RT @TLangley99: She could stay only if . . .  
. . . every time she speaks she does it under oath to the FBI.
  Ether she will tell the truâ€¦"	Twitter for Android	False
3rd rock, NA, USA, NC	"â„ï¸2ğŸŒŠ4âš–ï¸ 26yr #USAFvet, Wx Forecaster, 40yr #pilot, business owner into #CivilDiscourse #science #LifelongLearning #ğŸ¤”~tl
Searching 4 #truth, âš–ï¸ & ğŸ‡ºğŸ‡¸way #FBR"	en	en	"I guess the founders were confused.
  Apparently some believe ""free speech"" applies to lieing under oath to Congress, the FBI &amp; the ğŸ‡ºğŸ‡¸people without consequences.

  ENOUGH is ENOUGH!
       ğŸ‡ºğŸ‡¸callsğŸ‚ğŸ’©!
   4Truth,âš–ï¸&amp;ğŸ‡ºğŸ‡¸way
  Start impeachment!
              NOW!"	Twitter for Android	False
3rd rock, NA, USA, NC	"â„ï¸2ğŸŒŠ4âš–ï¸ 26yr #USAFvet, Wx Forecaster, 40yr #pilot, business owner into #CivilDiscourse #science #LifelongLearning #ğŸ¤”~tl
Searching 4 #truth, âš–ï¸ & ğŸ‡ºğŸ‡¸way #FBR"	en	en	"RT @tribelaw: Two things matter: 

1. The House can no longer let the odds of Senate conviction hold impeachment back. Itâ€™s a point of prinâ€¦"	Twitter for Android	False
3rd rock, NA, USA, NC	"â„ï¸2ğŸŒŠ4âš–ï¸ 26yr #USAFvet, Wx Forecaster, 40yr #pilot, business owner into #CivilDiscourse #science #LifelongLearning #ğŸ¤”~tl
Searching 4 #truth, âš–ï¸ & ğŸ‡ºğŸ‡¸way #FBR"	en	en	Yes, turn the lights up. The guilt is clear for those that choose to look but in order to heal the country all the boxes must be checked, and the GOP exposed to the point of voting for impeachmentÂ or loosing their seat. WakeUpğŸ‡ºğŸ‡² https://t.co/BizmtZQdCh	Twitter for Android	False
3rd rock, NA, USA, NC	"â„ï¸2ğŸŒŠ4âš–ï¸ 26yr #USAFvet, Wx Forecaster, 40yr #pilot, business owner into #CivilDiscourse #science #LifelongLearning #ğŸ¤”~tl
Searching 4 #truth, âš–ï¸ & ğŸ‡ºğŸ‡¸way #FBR"	en	en	"RT @matthewjdowd: Happy bday Marcus Aurelius, b. 121: 
â€œYou have power over your mind - not outside events. Realize this, you will find strâ€¦"	Twitter for Android	False
3rd rock, NA, USA, NC	"â„ï¸2ğŸŒŠ4âš–ï¸ 26yr #USAFvet, Wx Forecaster, 40yr #pilot, business owner into #CivilDiscourse #science #LifelongLearning #ğŸ¤”~tl
Searching 4 #truth, âš–ï¸ & ğŸ‡ºğŸ‡¸way #FBR"	en	en	RT @ssbe83: @fred_guttenberg @TLangley99 Trump's trying to divert attention by saying the most heartless thing he can think of to debase thâ€¦	Twitter for Android	False
3rd rock, NA, USA, NC	"â„ï¸2ğŸŒŠ4âš–ï¸ 26yr #USAFvet, Wx Forecaster, 40yr #pilot, business owner into #CivilDiscourse #science #LifelongLearning #ğŸ¤”~tl
Searching 4 #truth, âš–ï¸ & ğŸ‡ºğŸ‡¸way #FBR"	en	en	This is the national emergency! https://t.co/uY0zoJ1V50	Twitter for Android	False
3rd rock, NA, USA, NC	"â„ï¸2ğŸŒŠ4âš–ï¸ 26yr #USAFvet, Wx Forecaster, 40yr #pilot, business owner into #CivilDiscourse #science #LifelongLearning #ğŸ¤”~tl
Searching 4 #truth, âš–ï¸ & ğŸ‡ºğŸ‡¸way #FBR"	en	en	"tRump is an unstable lieing, sociopath/psychopath who has cheated, coveted, &amp; caused pain, ruin &amp; the deaths of Innocents.
Yet, tRump magats &amp; evangelicals believe he was sent by God 2 save them?ğŸ¤¦ğŸ¤¦â€â™‚ï¸
 Driven by fear &amp; ignorance they have lost their way &amp; souls.
ğŸ™4 all humanity! https://t.co/p2EASsevQJ"	Twitter for Android	False
3rd rock, NA, USA, NC	"â„ï¸2ğŸŒŠ4âš–ï¸ 26yr #USAFvet, Wx Forecaster, 40yr #pilot, business owner into #CivilDiscourse #science #LifelongLearning #ğŸ¤”~tl
Searching 4 #truth, âš–ï¸ & ğŸ‡ºğŸ‡¸way #FBR"	en	en	"Think about voting like planning a trip using the car pool lane, take at least one other voter but leave the dummies in red hats at home. 
  Defender of Truth,âš–ï¸,ğŸ—½&amp; preğŸŠğŸ¤¡ ğŸ‡ºğŸ‡²way https://t.co/UGJKgjbekS"	Twitter for Android	False
3rd rock, NA, USA, NC	"â„ï¸2ğŸŒŠ4âš–ï¸ 26yr #USAFvet, Wx Forecaster, 40yr #pilot, business owner into #CivilDiscourse #science #LifelongLearning #ğŸ¤”~tl
Searching 4 #truth, âš–ï¸ & ğŸ‡ºğŸ‡¸way #FBR"	en	en	"...the lies...
...concentration centers...
...deportation force...
...tax scam...
...easy tarff wars...
...obstruction of justice...
...attacking allies...
...climate denial...
...cancer causing windmills...
...water bombers...
...$100,000,000 4 golf...
        GOOD GREEF!! 4ğŸ‡ºğŸ‡¸ https://t.co/Jp3RpsFhtd"	Twitter for Android	False
3rd rock, NA, USA, NC	"â„ï¸2ğŸŒŠ4âš–ï¸ 26yr #USAFvet, Wx Forecaster, 40yr #pilot, business owner into #CivilDiscourse #science #LifelongLearning #ğŸ¤”~tl
Searching 4 #truth, âš–ï¸ & ğŸ‡ºğŸ‡¸way #FBR"	en	en	"RT @TLangley99: History rymes.
""I'm not a crook."" RN
â€œI never worked 4 Russia.â€ DT
  Because, it depends on how you define a crook &amp; DT onlâ€¦"	Twitter for Android	False
3rd rock, NA, USA, NC	"â„ï¸2ğŸŒŠ4âš–ï¸ 26yr #USAFvet, Wx Forecaster, 40yr #pilot, business owner into #CivilDiscourse #science #LifelongLearning #ğŸ¤”~tl
Searching 4 #truth, âš–ï¸ & ğŸ‡ºğŸ‡¸way #FBR"	en	en	RT @TLangley99: It is just a matter of time 4 the ğŸŠğŸ¤¡.  He can, resign or be impeached. Either way his corrupt house of cards is going to faâ€¦	Twitter for Android	False
3rd rock, NA, USA, NC	"â„ï¸2ğŸŒŠ4âš–ï¸ 26yr #USAFvet, Wx Forecaster, 40yr #pilot, business owner into #CivilDiscourse #science #LifelongLearning #ğŸ¤”~tl
Searching 4 #truth, âš–ï¸ & ğŸ‡ºğŸ‡¸way #FBR"	en	en	RT @TLangley99: Winner winner chicken dinner x3.  ğŸ””We have a trifecta!ğŸ”” https://t.co/HWB5NB8OU0	Twitter for Android	False
3rd rock, NA, USA, NC	"â„ï¸2ğŸŒŠ4âš–ï¸ 26yr #USAFvet, Wx Forecaster, 40yr #pilot, business owner into #CivilDiscourse #science #LifelongLearning #ğŸ¤”~tl
Searching 4 #truth, âš–ï¸ & ğŸ‡ºğŸ‡¸way #FBR"	en	en	"RT @TLangley99: North Carolina @PatrickMcHenry (NC 10th),  
@SenatorBurr &amp; @SenThomTillis ?
Choose well, history is watching and now is youâ€¦"	Twitter for Android	False
3rd rock, NA, USA, NC	"â„ï¸2ğŸŒŠ4âš–ï¸ 26yr #USAFvet, Wx Forecaster, 40yr #pilot, business owner into #CivilDiscourse #science #LifelongLearning #ğŸ¤”~tl
Searching 4 #truth, âš–ï¸ & ğŸ‡ºğŸ‡¸way #FBR"	en	en	RT @TLangley99: Facts don't change, just perspectives. Seek different #perspectives to find #truth, common ground and meaningful answers 2â€¦	Twitter for Android	False
3rd rock, NA, USA, NC	"â„ï¸2ğŸŒŠ4âš–ï¸ 26yr #USAFvet, Wx Forecaster, 40yr #pilot, business owner into #CivilDiscourse #science #LifelongLearning #ğŸ¤”~tl
Searching 4 #truth, âš–ï¸ & ğŸ‡ºğŸ‡¸way #FBR"	en	en	RT @acnewsitics: â€œYou can be impeached even if you did not commit a crime. You can be impeached to restore the honor and dignity of the Preâ€¦	Twitter for Android	False
3rd rock, NA, USA, NC	"â„ï¸2ğŸŒŠ4âš–ï¸ 26yr #USAFvet, Wx Forecaster, 40yr #pilot, business owner into #CivilDiscourse #science #LifelongLearning #ğŸ¤”~tl
Searching 4 #truth, âš–ï¸ & ğŸ‡ºğŸ‡¸way #FBR"	en	en	"@MissNyetTrump He deserves immediate impeachment, arrest of him &amp; his crime family for obstruction,  money laundering, etc... with confiscation of assets &amp; jail to time.
   BUT, it must be a rock solid legal case with lights on in public &amp; all the boxes checked 2 have any chance of healingğŸ‡ºğŸ‡¸."	Twitter for Android	False
3rd rock, NA, USA, NC	"â„ï¸2ğŸŒŠ4âš–ï¸ 26yr #USAFvet, Wx Forecaster, 40yr #pilot, business owner into #CivilDiscourse #science #LifelongLearning #ğŸ¤”~tl
Searching 4 #truth, âš–ï¸ & ğŸ‡ºğŸ‡¸way #FBR"	en	en	RT @OMGno2trump: @realDonaldTrump I'm sick of Trump's lies.  The Mueller investigation collected over $55 million in restitution from Paulâ€¦	Twitter for Android	False
3rd rock, NA, USA, NC	"â„ï¸2ğŸŒŠ4âš–ï¸ 26yr #USAFvet, Wx Forecaster, 40yr #pilot, business owner into #CivilDiscourse #science #LifelongLearning #ğŸ¤”~tl
Searching 4 #truth, âš–ï¸ & ğŸ‡ºğŸ‡¸way #FBR"	en	en	"RT @AngrierWHStaff: In closing, donâ€™t be mad at Mueller; he did exactly what he was supposed to do, and he did it fairly. 

The end resultâ€¦"	Twitter for Android	False
3rd rock, NA, USA, NC	"â„ï¸2ğŸŒŠ4âš–ï¸ 26yr #USAFvet, Wx Forecaster, 40yr #pilot, business owner into #CivilDiscourse #science #LifelongLearning #ğŸ¤”~tl
Searching 4 #truth, âš–ï¸ & ğŸ‡ºğŸ‡¸way #FBR"	en	en	RT @fred_guttenberg: Trump lied about Russia investigation on February 17th when he blamed my daughters murder on it.  He used the Parklandâ€¦	Twitter for Android	False
3rd rock, NA, USA, NC	"â„ï¸2ğŸŒŠ4âš–ï¸ 26yr #USAFvet, Wx Forecaster, 40yr #pilot, business owner into #CivilDiscourse #science #LifelongLearning #ğŸ¤”~tl
Searching 4 #truth, âš–ï¸ & ğŸ‡ºğŸ‡¸way #FBR"	en	en	"RT @AriMelber: Some are missing this:

Mueller followed DOJ rules barring presidential indictment, but he *did* include factual conclusionsâ€¦"	Twitter for Android	False
3rd rock, NA, USA, NC	"â„ï¸2ğŸŒŠ4âš–ï¸ 26yr #USAFvet, Wx Forecaster, 40yr #pilot, business owner into #CivilDiscourse #science #LifelongLearning #ğŸ¤”~tl
Searching 4 #truth, âš–ï¸ & ğŸ‡ºğŸ‡¸way #FBR"	en	en	@fras99 It is no contest, 45* makes the other 44 look like angelic stable geniuses and he continues to lower the bar every day.ğŸ¤·â€â™‚ï¸ğŸ¤¦â€â™‚ï¸ğŸ¤·â€â™€ï¸ğŸ¤¦	Twitter for Android	False
3rd rock, NA, USA, NC	"â„ï¸2ğŸŒŠ4âš–ï¸ 26yr #USAFvet, Wx Forecaster, 40yr #pilot, business owner into #CivilDiscourse #science #LifelongLearning #ğŸ¤”~tl
Searching 4 #truth, âš–ï¸ & ğŸ‡ºğŸ‡¸way #FBR"	en	en	"She could stay only if . . .  
. . . every time she speaks she does it under oath to the FBI.
  Ether she will tell the truth or she will spend a long time in jail.
            A Win Win4ğŸ‡ºğŸ‡² https://t.co/Q2y8gKXg50"	Twitter for Android	False
3rd rock, NA, USA, NC	"â„ï¸2ğŸŒŠ4âš–ï¸ 26yr #USAFvet, Wx Forecaster, 40yr #pilot, business owner into #CivilDiscourse #science #LifelongLearning #ğŸ¤”~tl
Searching 4 #truth, âš–ï¸ & ğŸ‡ºğŸ‡¸way #FBR"	en	en	"Why are we still paying this person a 6 figure salary to lie to us?ğŸ¤·â€â™‚ï¸ğŸ¤·â€â™€ï¸
Who agrees we should #FireSarahSanders . . . like yesterdayâ‰ï¸ https://t.co/j62wmXKRF8"	Twitter for Android	False
3rd rock, NA, USA, NC	"â„ï¸2ğŸŒŠ4âš–ï¸ 26yr #USAFvet, Wx Forecaster, 40yr #pilot, business owner into #CivilDiscourse #science #LifelongLearning #ğŸ¤”~tl
Searching 4 #truth, âš–ï¸ & ğŸ‡ºğŸ‡¸way #FBR"	en	en	"RT @TLangley99: The Mueller Report is the impeachment referral.
  Do Your Job!
â—House (Article I, Sec 2-5) make the case &amp; challenge the Seâ€¦"	Twitter for Android	False
3rd rock, NA, USA, NC	"â„ï¸2ğŸŒŠ4âš–ï¸ 26yr #USAFvet, Wx Forecaster, 40yr #pilot, business owner into #CivilDiscourse #science #LifelongLearning #ğŸ¤”~tl
Searching 4 #truth, âš–ï¸ & ğŸ‡ºğŸ‡¸way #FBR"	en	en	RT @SenKamalaHarris: The White House confirmed this week that just 4% of the 157 million people employed in the United States received a paâ€¦	Twitter for Android	False
3rd rock, NA, USA, NC	"â„ï¸2ğŸŒŠ4âš–ï¸ 26yr #USAFvet, Wx Forecaster, 40yr #pilot, business owner into #CivilDiscourse #science #LifelongLearning #ğŸ¤”~tl
Searching 4 #truth, âš–ï¸ & ğŸ‡ºğŸ‡¸way #FBR"	en	en	"Sarah Sanders, the White House Press Secretary, has now been proven to be a less creditable source than attributing to an 'anonymous source'.  So . . . no surprise.
. . .but remember ""LOSE LIPS SINK SHIPS"" SS tRumptanic https://t.co/hnWIzsFBGE"	Twitter for Android	False
3rd rock, NA, USA, NC	"â„ï¸2ğŸŒŠ4âš–ï¸ 26yr #USAFvet, Wx Forecaster, 40yr #pilot, business owner into #CivilDiscourse #science #LifelongLearning #ğŸ¤”~tl
Searching 4 #truth, âš–ï¸ & ğŸ‡ºğŸ‡¸way #FBR"	en	en	RT @RBReich: In the words of President Eisenhower: â€œEvery gun that is made, every warship launched, every rocket fired signifies, in the fiâ€¦	Twitter for Android	False
3rd rock, NA, USA, NC	"â„ï¸2ğŸŒŠ4âš–ï¸ 26yr #USAFvet, Wx Forecaster, 40yr #pilot, business owner into #CivilDiscourse #science #LifelongLearning #ğŸ¤”~tl
Searching 4 #truth, âš–ï¸ & ğŸ‡ºğŸ‡¸way #FBR"	en	und	RT @TLangley99: ğŸ˜ƒğŸ˜„ğŸ˜ğŸ˜‚ğŸ¤£ https://t.co/pehRuVaSlg	Twitter for Android	False
3rd rock, NA, USA, NC	"â„ï¸2ğŸŒŠ4âš–ï¸ 26yr #USAFvet, Wx Forecaster, 40yr #pilot, business owner into #CivilDiscourse #science #LifelongLearning #ğŸ¤”~tl
Searching 4 #truth, âš–ï¸ & ğŸ‡ºğŸ‡¸way #FBR"	en	en	RT @JPColinDesign: @TLangley99 Not one of the prouder stories to emerge from my state. #FBR #FBPE #Resist	Twitter for Android	False
3rd rock, NA, USA, NC	"â„ï¸2ğŸŒŠ4âš–ï¸ 26yr #USAFvet, Wx Forecaster, 40yr #pilot, business owner into #CivilDiscourse #science #LifelongLearning #ğŸ¤”~tl
Searching 4 #truth, âš–ï¸ & ğŸ‡ºğŸ‡¸way #FBR"	en	en	RT @SethAbramson: Our foreign policy is compromised. Our security clearance process is compromised. Our nuclear tech is compromised. Our POâ€¦	Twitter for Android	False
3rd rock, NA, USA, NC	"â„ï¸2ğŸŒŠ4âš–ï¸ 26yr #USAFvet, Wx Forecaster, 40yr #pilot, business owner into #CivilDiscourse #science #LifelongLearning #ğŸ¤”~tl
Searching 4 #truth, âš–ï¸ & ğŸ‡ºğŸ‡¸way #FBR"	en	en	The 'Flip flopping hypocrite' award winner?ğŸ†ğŸ†ğŸ† @LindseyGrahamSC ğŸ¤¦â€â™‚ï¸ğŸ¤¦ğŸ˜± https://t.co/8417pusxRk	Twitter for Android	False
3rd rock, NA, USA, NC	"â„ï¸2ğŸŒŠ4âš–ï¸ 26yr #USAFvet, Wx Forecaster, 40yr #pilot, business owner into #CivilDiscourse #science #LifelongLearning #ğŸ¤”~tl
Searching 4 #truth, âš–ï¸ & ğŸ‡ºğŸ‡¸way #FBR"	en	en	"RT @Sky_Lee_1: TY Seth! 

âœ… 20 ongoing federal and state investigations
âœ… 14 referred Mueller prosecutions
âœ… 2+ ongoing counterintelligenceâ€¦"	Twitter for Android	False
3rd rock, NA, USA, NC	"â„ï¸2ğŸŒŠ4âš–ï¸ 26yr #USAFvet, Wx Forecaster, 40yr #pilot, business owner into #CivilDiscourse #science #LifelongLearning #ğŸ¤”~tl
Searching 4 #truth, âš–ï¸ & ğŸ‡ºğŸ‡¸way #FBR"	en	en	RT @DevinCow: Local man who wrote a memo based on evidence he didnâ€™t read lies about an impeachment referral based on real evidence.  Youâ€™râ€¦	Twitter for Android	False
3rd rock, NA, USA, NC	"â„ï¸2ğŸŒŠ4âš–ï¸ 26yr #USAFvet, Wx Forecaster, 40yr #pilot, business owner into #CivilDiscourse #science #LifelongLearning #ğŸ¤”~tl
Searching 4 #truth, âš–ï¸ & ğŸ‡ºğŸ‡¸way #FBR"	en	en	RT @TeaPainUSA: According to @Jim_Jordan and @RepMarkMeadows, if a hijacker tries to fly a jet into a buildin' but misses, there's no crimeâ€¦	Twitter for Android	False
3rd rock, NA, USA, NC	"â„ï¸2ğŸŒŠ4âš–ï¸ 26yr #USAFvet, Wx Forecaster, 40yr #pilot, business owner into #CivilDiscourse #science #LifelongLearning #ğŸ¤”~tl
Searching 4 #truth, âš–ï¸ & ğŸ‡ºğŸ‡¸way #FBR"	en	en	Winner winner chicken dinner x3.  ğŸ””We have a trifecta!ğŸ”” https://t.co/HWB5NB8OU0	Twitter for Android	False
3rd rock, NA, USA, NC	"â„ï¸2ğŸŒŠ4âš–ï¸ 26yr #USAFvet, Wx Forecaster, 40yr #pilot, business owner into #CivilDiscourse #science #LifelongLearning #ğŸ¤”~tl
Searching 4 #truth, âš–ï¸ & ğŸ‡ºğŸ‡¸way #FBR"	en	en	"Vigilantes + fear/ignorance = innocent men/women/children seeking asylum &amp; safety are going to die.
  History has proven allowing vigilante justice, is not justice.  Manslaughter is a crime.
  ğŸ‡ºğŸ‡¸is better than this! https://t.co/7YGOoumSQx"	Twitter for Android	False
3rd rock, NA, USA, NC	"â„ï¸2ğŸŒŠ4âš–ï¸ 26yr #USAFvet, Wx Forecaster, 40yr #pilot, business owner into #CivilDiscourse #science #LifelongLearning #ğŸ¤”~tl
Searching 4 #truth, âš–ï¸ & ğŸ‡ºğŸ‡¸way #FBR"	en	en	"RT @SethAbramson: *WHERE WE ARE*

âœ… 20 ongoing federal and state investigations
âœ… 14 referred Mueller prosecutions
âœ… 2+ ongoing counterinteâ€¦"	Twitter for Android	False
3rd rock, NA, USA, NC	"â„ï¸2ğŸŒŠ4âš–ï¸ 26yr #USAFvet, Wx Forecaster, 40yr #pilot, business owner into #CivilDiscourse #science #LifelongLearning #ğŸ¤”~tl
Searching 4 #truth, âš–ï¸ & ğŸ‡ºğŸ‡¸way #FBR"	en	en	RT @sedakennedy: Over 5,000 Christian students sign petition to disinvite Mike Pence from speaking at evangelical university - https://t.coâ€¦	Twitter for Android	False
3rd rock, NA, USA, NC	"â„ï¸2ğŸŒŠ4âš–ï¸ 26yr #USAFvet, Wx Forecaster, 40yr #pilot, business owner into #CivilDiscourse #science #LifelongLearning #ğŸ¤”~tl
Searching 4 #truth, âš–ï¸ & ğŸ‡ºğŸ‡¸way #FBR"	en	en	RT @EdKrassen: BREAKING:  A Federal Judge has just ruled that residents of Flint, Michigan can sue the EPA for its role in the horrific watâ€¦	Twitter for Android	False
3rd rock, NA, USA, NC	"â„ï¸2ğŸŒŠ4âš–ï¸ 26yr #USAFvet, Wx Forecaster, 40yr #pilot, business owner into #CivilDiscourse #science #LifelongLearning #ğŸ¤”~tl
Searching 4 #truth, âš–ï¸ & ğŸ‡ºğŸ‡¸way #FBR"	en	en	"RT @omz__music: TRUMP IS ORANGE CRUSHEDğŸŠ

100+ Congressional subpoenas coming

20 Federal and state investigations

14  Ongoing Mueller proâ€¦"	Twitter for Android	False
